article_ID,relevance_score,justification
a-01,0.78,"This article is highly relevant because it studies an AI coding assistant (GitHub Copilot) in a programming workflow and explicitly examines knowledge transfer during code generation. However, it focuses on software engineering pair programming rather than supporting data scientists or natural scientists in scientific data-analysis code writing, so the match is partial rather than direct."
a-02,0.72,"The article is about AI tools that help developers write, refactor, test, debug, and document code, which is closely related to the target system’s code-generation support. However, it focuses on general software developers and survey perceptions rather than an agentic AI system for scientific or data analysis coding."
a-03,0.78,"This article is highly relevant because it presents an AI tutoring platform inside Jupyter Notebooks that logs code interactions and supports context-aware assistance while users write analysis code. However, it is primarily aimed at educational support and learning analytics rather than directly generating source code for data scientists or natural scientists."
a-04,0.72,"The article is about AI agents for materials science and explicitly includes a data analysis function, literature search, and coding via plugins like Python runtime. It is not specifically about source-code generation for data scientists, but it is strongly related to agentic AI supporting scientific workflows in natural sciences."
a-05,0.86,"This article is directly about an LLM-powered IDE tool for generating code documentation, which is closely related to agentic AI support for code-writing tasks. It is not focused on scientific/data analysis code specifically, but it does address AI assistance for developers in producing source code-related artifacts."
a-06,0.98,"This paper directly addresses generative AI systems for data analysis, including translating user intent into executable code for cleaning, transformation, and visualization. It also discusses agentic and multi-agent workflows, human-in-the-loop interaction, and tools that support analysts in iterative code generation, making it highly relevant to the target system."
a-07,0.97,"This article directly studies generative AI assistance for data analysis workflows, including writing analysis code and suggesting analysis strategies. It is highly relevant to an agentic AI system that supports data scientists and natural scientists in code generation for data analysis, though it focuses more on workflow understanding and participatory prompting than on a fully autonomous agent."
c-q1-01,0.42,"The article is about an AI pair programmer (GitHub Copilot) that generates code and improves developer productivity, which is partially relevant to an agentic AI system for writing source code. However, it focuses on general software development rather than supporting data scientists or natural scientists in data analysis code generation."
c-q1-02,0.86,"This article is highly relevant because it studies GitHub Copilot as an AI pair programmer that generates code and affects coding participation and coordination in collaborative software development. It is not specifically about data analysis code for scientists, but it directly addresses agentic AI support for code generation in a development workflow."
c-q1-03,0.78,"This article is directly about AI programming assistants that generate code, which is relevant to a system supporting scientists in writing source code for data analysis. However, it focuses on general software developers and usability rather than agentic workflows or scientific/data-analysis-specific code generation."
c-q1-04,0.78,"This article is highly relevant because it studies agentic AI coding assistants that autonomously write and debug code, including tasks involving data analysis scripts. However, it focuses on general software development rather than specifically supporting data scientists or natural scientists in scientific code generation."
c-q1-05,0.92,"This article is highly relevant because it studies GitHub Copilot as an AI code assistant that provides automatic code suggestions, directly aligning with agentic AI support for code generation. Although it focuses on software developers rather than data scientists or natural scientists, the core topic is AI-assisted coding productivity and code suggestion behavior."
c-q1-06,0.78,"This article is highly relevant because it studies AI programming assistants that generate code, including how developers use them to write and complete code tasks. However, it focuses on general software developers rather than specifically supporting data scientists or natural scientists in scientific data analysis code generation."
c-q1-07,0.78,"The article is strongly related to AI-assisted code generation and human-in-the-loop workflows, which aligns with an agentic AI system supporting code writing. However, it focuses on general software engineering rather than specifically on data scientists or natural scientists doing data analysis code generation."
c-q1-08,0.78,"This paper is highly relevant because it proposes an AI-native software engineering system where AI teammates and intent-centric workflows generate and synthesize code, which aligns with agentic AI for code writing. However, it is framed broadly for software engineering rather than specifically for data analysis code used by data scientists or natural scientists."
c-q1-09,0.42,"The article is about AI-assisted code generation and workflow support, which is partially relevant to the target system. However, it focuses on general software engineering with Copilot rather than an agentic AI system specifically supporting data scientists or natural scientists in writing data analysis code."
c-q1-10,0.72,"The article is strongly about AI-assisted code generation and agentic development workflows, which aligns with the target system’s goal of helping users write source code. However, it focuses on enterprise Office 365/Visual Studio development rather than scientific or data analysis coding, so the match is partial rather than direct."
c-q1-11,0.78,"The article is directly about AI assistants that generate and evolve source code, and it evaluates downstream maintainability of code produced with AI support. However, it focuses on general software engineering rather than specifically supporting data scientists or natural scientists in data analysis code generation, so it is related but not a perfect match for the target system."
c-q1-12,0.98,"This article is directly about AI-assisted code generation with GitHub Copilot and its effects on software development and maintenance in OSS projects. While it is not specifically about scientific/data analysis coding, it is highly relevant to an agentic AI system that supports code writing because it studies AI pair programming, code productivity, and code quality/maintenance burdens."
c-q1-13,0.78,"The article is highly relevant to agentic AI for code generation because it proposes goal-driven AI pair programmers and multi-agent systems that write, refactor, and reason about code. However, it is framed around general software engineering rather than specifically supporting data scientists or natural scientists in data analysis code."
c-q1-15,0.78,"This article is about generative AI tools that help software developers with coding, trust, and adoption, which is partially aligned with an agentic AI system for code generation. However, it focuses on software engineering productivity and user trust rather than supporting data scientists or natural scientists in writing source code for data analysis."
c-q1-16,0.86,"The article is highly relevant because it studies GitHub Copilot, an AI code generation tool, in the context of novice programming and code writing support. While it focuses on introductory programming rather than data analysis for scientists, the agentic AI/code-assistance aspect is directly aligned with the target system."
c-q1-17,0.42,"The article is about an AI coding assistant that helps software developers write code, which is partially related to the target system. However, it focuses on general software engineering productivity rather than an agentic AI system for supporting data scientists or natural scientists in scientific data-analysis code generation."
c-q1-18,0.78,"The article is strongly related to AI-assisted code generation and explicitly mentions support for researchers and data scientists in analytical environments like Jupyter notebooks. However, it is a broad meta-analysis of programming tools rather than a focused agentic AI system for scientific/data analysis code writing."
c-q1-19,0.72,"The article is about AI-powered programming assistants that generate and complete code, which is relevant to the target system’s code-writing support. However, it focuses on general software developers rather than an agentic AI system specifically designed for data scientists or natural scientists doing data analysis code generation."
c-q1-20,0.72,"The article is about GitHub Copilot, an AI coding assistant that generates and explains source code, which is directly relevant to code-generation support. However, it focuses on general software development rather than an agentic AI system for data scientists or natural scientists doing data analysis code, so the match is partial."
c-q2-01,0.98,"The article directly studies an LLM-based coding assistant integrated into Jupyter to generate and recommend code for data science workflow steps, including alternative recommendations. This closely matches the target system of agentic AI supporting data/natural scientists in writing code for data analysis."
c-q2-02,0.98,"The article presents Data-Copilot, an agentic LLM system that generates and orchestrates code (via reusable interface modules) to perform large-scale data querying, processing, and visualization from natural-language requests. This directly matches the target system’s goal of supporting data/natural scientists in writing source code for data analysis."
c-q2-03,0.92,"The article directly discusses using ChatGPT to assist data scientists with tasks like generating code, debugging, and building analysis applications (e.g., Shiny), which aligns closely with an agentic AI system for scientific/data analysis code generation. While it is a perspective overview rather than a specific agentic system design, it is strongly relevant to the target system’s purpose."
c-q2-04,0.55,"The article focuses on agentic-style AI assistance for writing code in an IDE (LLM-based code completion like GitHub Copilot) and evaluates how usage metrics relate to developer productivity. However, it is not specifically about agentic AI systems that support data/natural scientists for scientific data analysis code generation, but rather general software development productivity."
c-q2-05,0.72,"The article empirically studies how generative AI tools like ChatGPT and Copilot assist software developers (including data scientists) in writing and refactoring code, generating tests, and accelerating development workflows. While it focuses on software engineering rather than explicitly on agentic AI systems for scientific/data analysis code generation, it is strongly relevant to an agentic AI system that supports scientists in coding for data analysis."
c-q2-06,0.98,"The article directly studies AI-powered code assistants for computational notebooks (e.g., Jupyter) and provides design guidance for generating and adapting code for data science tasks. This closely matches the target system of agentic AI that supports data/natural scientists in writing source code for data analysis."
c-q2-07,0.92,The article presents an agentic AI “Bio-Copilot” that uses multi-agent LLM planning and code-writing/execution to automate complex bioinformatics data analysis workflows. This directly aligns with an agentic AI system supporting data/natural scientists in generating and running source code for scientific data analysis.
c-q2-09,0.55,"The article discusses an enterprise AI platform (e.g., Azure AI, Copilot, Power Platform) that supports professionals in healthcare, finance, and scientific research, including code-adjacent productivity and workflow assistance. However, it does not specifically focus on agentic AI systems for generating source code for data analysis, so relevance to the target system is only partial."
c-q2-10,0.98,"The article directly addresses an agentic LLM-based system for AI-assisted data analysis code generation and execution, focusing on steering and verification via interactive task decomposition (Stepwise/Phasewise) and editable assumptions. This closely matches the target system of agentic AI that supports data/natural scientists in writing source code for data analysis."
c-q2-11,0.55,"The article discusses AI copilots (including GitHub Copilot) that assist with writing and debugging code and improving productivity in knowledge work, which is related to agentic AI for scientific/data analysis coding support. However, it focuses broadly on workplace collaboration and governance rather than specifically on agentic AI systems tailored to data scientists/natural scientists or end-to-end scientific code generation workflows."
c-q2-12,0.35,"The article discusses using AI tools (e.g., ChatGPT, Copilot, RapidMiner) to support scientific writing and some aspects of data analysis and literature review, which is adjacent to agentic AI for scientific coding support. However, it does not focus on agentic AI systems that generate or assist with source code for data analysis, so relevance to the target system is only partial."
c-q2-13,0.55,"The article evaluates an AI copilot (M365 Copilot) used in a scientific research organization and discusses its support for tasks including coding/data analysis, along with governance, accuracy, and human oversight. However, it is primarily a qualitative user-perception study rather than research on an agentic AI system specifically designed to generate source code for scientific/data analysis."
c-q2-14,0.55,"The article evaluates ChatGPT as an assistant for generating and refining software models (UML/OCL), directly addressing agentic-style support for scientific/software modeling tasks via code-like artifacts. However, it focuses on software modeling rather than data/scientific code generation for data analysis, so it is only partially aligned with an agentic AI system for data scientists and natural scientists."
c-q2-15,0.98,"The article presents QSP-Copilot, an end-to-end agentic AI platform using multi-agent LLM workflows to automate and assist quantitative systems pharmacology model development, including generating executable models (e.g., SBML/Python) and supporting scientific coding workflows. This directly matches the target system’s goal of agentic AI that helps data/natural scientists write code for data analysis/modeling."
c-q2-16,0.35,"The article discusses generative/agentic AI features in Microsoft Copilot for Teams, including automation and workflow support, which is adjacent to agentic AI for assisting users. However, it focuses on enterprise communication rather than supporting data scientists/natural scientists with code generation for data analysis."
c-q2-17,0.35,"The article discusses agentic human–AI collaboration for decision support in scientific/quantitative domains, including adaptive interaction, explanations, and cognitive modeling. However, it does not focus on agentic AI systems that generate source code for data analysis, which is central to the target system."
c-q2-18,0.35,"The article discusses human-AI collaboration and how AI supports decision-making and productivity in scientific-adjacent domains (e.g., research and healthcare), but it does not focus on agentic AI systems for generating source code for data analysis. Its relevance is mainly conceptual about AI collaboration rather than code-generation for data scientists/natural scientists."
c-q2-19,0.55,"The article evaluates LLM/chatbot use for automating a scientific/data-adjacent classification task (metadata augmentation) and discusses workflow integration and reliability, which relates to agentic AI supporting data scientists. However, it focuses on using chatbots for classification rather than an agentic system specifically for generating and managing source code for data analysis."
c-q2-20,0.55,"The article focuses on an agentic-style AI assistant (Power BI Copilot) that helps users generate SQL/DAX, narratives, and insights for data analysis, which is related to supporting code generation for analytics. However, it is primarily about business intelligence workflows rather than an agentic AI system explicitly designed to support data scientists/natural scientists writing scientific analysis code."
c-q3-01,0.90,"The article directly discusses AI copilots and autonomous/self-learning agents integrated into scientific research workflows, including hypothesis generation, experimental design, and data analysis. This closely aligns with an agentic AI system intended to help data and natural scientists write code for scientific/data analysis."
c-q3-05,0.93,"The article describes an agentic AI copilot integrated with a robotic platform that translates natural-language scientific descriptions into executable code/instructions for automated inorganic material synthesis, including iterative feedback and optimization. This directly aligns with an agentic AI system supporting scientists in writing and executing code for data/experimental analysis workflows."
c-q3-06,0.78,"The article describes an agentic, multi-agent conversational AI (CRESt) that supports scientific workflows in materials science, including iterative feedback loops for image analysis and quantitative tasks. While it focuses on image analysis rather than general code generation for data analysis, it is strongly aligned with agentic AI supporting data/natural scientists."
c-q3-08,0.55,"The article discusses agentic/closed-loop AI for scientific discovery (e.g., reinforcement learning for experiment planning/steering and autonomous hypothesis generation), which is related to agentic AI supporting scientific workflows. However, it does not focus on agentic AI for generating source code for data analysis, so relevance to the target system is only partial."
c-q3-09,0.55,"The article presents PathChat, an agentic-style multimodal AI copilot for pathology that supports interactive natural-language queries over scientific/medical data. However, it focuses on pathology question answering rather than an agentic AI system specifically aimed at helping data scientists and natural scientists write code for data analysis."
c-q3-10,0.95,"The article presents an AI-driven, agentic-style platform (Carbon Copilot/CARCO) that integrates language models, machine learning, and robotic experimentation to generate and optimize scientific code/workflows for data-driven materials synthesis. This directly aligns with an agentic AI system supporting data/natural scientists in writing and executing code for scientific data analysis and experimental design."
c-q3-11,0.95,"The article presents an AI-driven copilot that analyzes scientific manuscripts and code to generate structured Jupyter Notebooks and actionable recommendations, directly supporting scientific/data analysis code workflows. It specifically targets reproducibility by detecting missing hyperparameters, datasets, and code components, aligning closely with an agentic AI system for helping scientists write and validate analysis code."
c-q3-15,0.55,"The article discusses AI as a “scientific copilot” in analytical chemistry, including AI-assisted literature review and manuscript drafting, which is adjacent to agentic AI supporting scientific code/data analysis workflows. However, it focuses mainly on scientific writing and communication rather than agentic systems for generating source code for data analysis."
c-q3-16,0.98,"The article describes an end-to-end agentic AI system that autonomously supports the full scientific workflow—hypothesis generation, experimental design/execution, data analysis via code pipelines, visualization, and manuscript writing—directly matching the target system’s goal of helping data/natural scientists write analysis code. It is highly specific to agentic scientific code generation and execution rather than general AI."
c-q3-17,0.35,"The article is about AI in scientific research and discusses epistemic risks and trust, including AI tools across the research pipeline. However, it does not focus on an agentic AI system for generating source code to support data/natural scientists, so its relevance to the target system is only indirect."
c-q3-18,0.15,"The article reviews AI applications in drug discovery (e.g., protein structure prediction, virtual screening, toxicity prediction) and mentions some Python tools, but it does not focus on an agentic AI system that helps scientists write source code for data analysis. Its relevance is limited to general AI-for-science context rather than agentic code-generation for data analysis."
c-q4-01,0.55,"The article studies GitHub Copilot, an AI tool for source code auto-completion, including how it supports developers with code generation and related limitations. While it is not specific to agentic AI for scientific/natural-science data analysis code generation, it is directly relevant to agentic-style AI assistance for writing code in general."
c-q4-05,0.72,"The article directly concerns agentic/AI-assisted code generation via GitHub Copilot and analyzes real-world issues, causes, and solutions for using an AI pair programmer to generate code. While it is not specific to scientific/natural-science workflows, it is highly relevant to an agentic AI system that supports data scientists and natural scientists in writing analysis code."
c-q4-06,0.78,"The article evaluates GitHub Copilot, an AI tool that generates and assists with writing code, in a corporate engineering setting and measures productivity, code quality, and security. This is directly relevant to an agentic AI system supporting data/natural scientists with scientific/data analysis code generation, though it focuses on general software engineering rather than specifically scientific data analysis workflows."
c-q4-08,0.78,"The article directly studies AI-supported code generation via tools like GitHub Copilot and proposes a taxonomy of abstraction levels for software engineering tasks. While it focuses on general software development rather than explicitly data/scientific analysis code, it is strongly relevant to an agentic AI system that helps data scientists and natural scientists write analysis code."
c-q4-11,0.78,"The article directly evaluates AI-based code assistants (Copilot, Tabnine, ChatGPT, Bard) for generating Java method implementations, including correctness and integration into real codebases with dependencies. This closely matches the target system’s goal of agentic AI supporting scientists/data scientists in writing code for analysis, though it focuses on general software code generation rather than explicitly scientific/data-analysis workflows."
c-q4-12,0.55,"The article evaluates GitHub Copilot, an AI code-assistance tool, in a programming education setting and discusses its effects on independent problem-solving and ethics. While it is not about an agentic AI system for scientific/data analysis code generation, it is directly related to AI-assisted code writing and limitations in complex programming tasks."
c-q4-13,0.78,"The article directly studies LLM-based AI assistants for generating and supporting code (Python tasks) via inline autocomplete and conversational interfaces, measuring productivity and quality. While it focuses on general software development rather than explicitly data/natural science workflows, it is highly relevant to an agentic AI system that helps scientists write analysis code."
c-q4-14,0.90,"The article presents an agentic AI-assisted system (Copilot for Testing) that uses context-based RAG and LLMs to generate tests, detect bugs, and suggest fixes synchronized with codebase updates. This directly aligns with agentic AI supporting data/scientific code development workflows, though it focuses on software testing rather than data science specifically."
c-q4-15,0.55,"The article focuses on agentic/AI-assisted code generation via GitHub Copilot and discusses best practices and security for producing code, which is adjacent to an agentic AI system for scientific/data analysis coding. However, it is centered on general software engineering rather than supporting data scientists/natural scientists specifically for scientific data analysis."
c-q4-16,0.55,"The article focuses on AI code generation tools (e.g., ChatGPT, GitHub Copilot) and how instructors adapt programming courses, which is related to agentic AI for scientific/data analysis code generation. However, it is primarily about computing education and academic integrity rather than an agentic AI system that supports data/natural scientists writing analysis code."
c-q4-17,0.78,"The article evaluates and deploys an AI coding assistant (GitHub Copilot) to improve developer productivity, including metrics like acceptance rates and developer satisfaction. While it is not specific to scientific/natural-science workflows, it directly concerns agentic-style support for writing code for data analysis/engineering tasks in an enterprise setting."
c-q4-19,0.55,"The article discusses AI copilots for generating and assisting with software code using LLMs, which is related to agentic AI for code generation. However, it focuses on general software development rather than specifically supporting data scientists/natural scientists for scientific or data analysis coding."
c-q5-04,0.35,"The article proposes an agentic-style “Pilot-Copilot” framework for improving LLM inference via learned correction from a mistake log, which is related to AI systems that assist code generation. However, it is not specifically about agentic AI for data scientists/natural scientists writing scientific/data-analysis code, and the experiments focus on general reasoning tasks rather than scientific programming workflows."
c-q5-05,0.92,"The article directly evaluates LLM-based AI copilots for generating and optimizing code in cloud data engineering tasks (e.g., pipeline scaffolding, SQL optimization, IAM/compliance code), including metrics and risks like hallucination and governance. This closely matches an agentic AI system aimed at supporting data/natural scientists in writing source code for data analysis, especially in scientific/data engineering workflows."
c-q5-09,0.92,"The article directly studies conversational/agentic LLM assistants (ChatGPT) for data science workflows, focusing on how they generate and adapt Python code for analysis tasks. It provides design recommendations for improving agentic support to data scientists, including context management, planning/feedback loops, and code validation—highly aligned with an agentic AI system for scientific/data analysis code generation."
c-q5-10,0.98,"The article directly evaluates LLM-based AI assistants for generating data science code (Python) across analytical, algorithm, and visualization tasks, measuring success rate, efficiency, and output quality. This closely matches the target agentic AI system goal of supporting data scientists/natural scientists in writing code for data analysis."
c-q5-11,0.86,"The article directly evaluates an agentic/LLM tool (Microsoft Copilot) for generating qualitative thematic analysis outputs from datasets, focusing on reliability, accuracy, and transparency—key concerns for agentic AI supporting scientific/data analysis code and workflows. While it targets qualitative analysis rather than code generation specifically, it is strongly relevant to an agentic AI system that assists data scientists and natural scientists in producing analysis artifacts."
c-q5-12,0.98,"The article directly studies an LLM-based, notebook-integrated AI assistant for data analysis, focusing specifically on agentic planning support alongside execution assistance. It provides design guidelines for how such assistants should help data/natural scientists write and use code during analysis workflows."
c-q5-14,0.25,"The article evaluates how well conversational AI tools (ChatGPT, Copilot, Gemini) interpret biochemical laboratory data, which is related to AI assistance for scientific/medical analysis. However, it does not focus on agentic AI systems for generating or supporting source code for data analysis, so relevance to the target system is limited."
c-q5-16,0.78,"The article directly discusses integrating LLMs (e.g., GitHub Copilot/ChatGPT) into programming instruction to help students generate and modify code, including in data science projects. While it focuses on education rather than an agentic AI system for scientists’ code generation, it is strongly relevant to agentic/LLM-assisted scientific/data analysis coding workflows."
c-q5-17,0.55,"The article focuses on human–AI hand-offs using Copilot-style agents in enterprise workflows, including confidence thresholds, governance, and feedback loops that are relevant to agentic AI supporting scientific/data analysis coding. However, it does not specifically address agentic AI for generating source code for data analysis by data/natural scientists."
c-q5-19,0.55,"The article studies GitHub Copilot, an AI tool for autocompleting/generating source code in IDEs, including how it supports developers with code generation tasks. While it is not specifically focused on agentic AI for scientific/natural-scientist data analysis code generation, it is directly relevant to AI-assisted code generation workflows that could underpin such an agentic system."
c-q5-20,0.95,"The article directly discusses using LLM-based AI tools (e.g., ChatGPT, GitHub Copilot) to help scientists and engineers learn and generate/modify code for data analysis tasks. This closely matches the target agentic AI system goal of supporting data scientists and natural scientists in writing source code for scientific/data analysis."
c-q6-09,0.55,"The article evaluates GitHub Copilot (an agentic-style code generation assistant) for generating and improving code, tests, and explanations in a programming course. While it is not specifically about scientific/natural-science data analysis code generation, it is directly relevant to agentic AI support for writing source code for analysis tasks."
c-q6-10,0.55,"The article evaluates generative AI tools (ChatGPT, Gemini, Copilot) for supporting parts of the scientific research workflow, including drafting and even data-analysis-related tasks, with an emphasis on accuracy and structured prompting. However, it is focused on educational research content rather than an agentic AI system specifically designed to help data/natural scientists generate analysis code."
c-q6-13,0.55,"The article presents an agentic LLM system (Arxiv Copilot) for personalized academic assistance using retrieval, self-evolving thought, and efficient deployment, aimed at helping researchers work with scientific literature. However, it is focused on literature review/chat rather than supporting data scientists/natural scientists specifically for writing code for data analysis."
c-q6-15,0.78,"The article presents InstructCell, an instruction-following multi-modal AI copilot for single-cell RNA-seq analysis tasks (cell type annotation, pseudo-cell generation, drug sensitivity prediction) using natural language. While it focuses on scientific analysis rather than explicitly generating code for data scientists, it is directly aligned with agentic AI support for scientific workflows and analysis."
c-q6-16,0.35,"The article presents an agentic-style LLM system (Paper Copilot) for personalized scientific literature assistance using retrieval, self-evolution, and efficient deployment. However, it focuses on literature Q&A and research support rather than agentic AI for generating source code for data analysis, which is central to the target system."
c-q6-17,0.55,"The article is about an agentic AI system for biomedical scientific tasks, using LLM-driven agents with knowledge graphs and literature retrieval to verify claims and check knowledge. While it is not specifically about agentic AI for generating data-analysis code, it is directly relevant to agentic AI supporting scientific workflows and tool-using agents."
c-q6-18,0.35,"The article evaluates large language models (ChatGPT/Copilot/Gemini/Claude) for detecting pseudo-scientific health information, which is related to using agentic/AI tools to support scientific information assessment. However, it does not focus on agentic AI for generating data-analysis code for scientists, so relevance to the target system is only partial."
c-q6-19,0.55,"The article describes an AI “copilot” that provides real-time guidance to novices during a scientific/medical procedure using machine learning models and a local web server, which is related to agentic AI support for scientific workflows. However, it focuses on training for flexible laryngoscopy rather than on agentic AI for generating data-analysis code for data scientists/natural scientists."
c-q6-20,0.55,"The article proposes MEDCO, a multi-agent, agentic AI copilot that supports learners (medical students) through interactive case-based diagnosis and feedback, which is conceptually aligned with agentic AI for scientific/data analysis code generation. However, it focuses on medical education and clinical reasoning rather than helping data/natural scientists write source code for data analysis."
g-q1-p1-05,0.55,"The article focuses on agentic human-AI teaming and technical requirements (e.g., communication, situation awareness, decision-making) for hybrid multi-team systems, which is related to agentic AI for scientific/data analysis support. However, it does not specifically address agentic AI for generating source code for data analysis by data/natural scientists."
g-q1-p1-06,0.35,"The article discusses explainable, human-centric AI for high-risk scientific/medical decision support, including methods that help users understand model outputs. However, it does not focus on agentic AI systems that generate source code for data analysis, so its relevance to the target system is only partial."
g-q1-p1-08,0.55,"The article discusses agentic AI and autonomous workflows in enterprise settings, which is related to agentic AI systems. However, it focuses on business process automation and startup/market trends rather than supporting data scientists/natural scientists with code generation for data analysis."
g-q1-p1-09,0.15,"The text discusses general human–AI co-learning and AI coaching in workplaces, but it does not focus on agentic AI for generating source code for data analysis. It is only loosely related to supporting data scientists/natural scientists with coding workflows."
g-q1-p1-11,0.55,"The article describes an agentic human-in-the-loop AI framework for prescriptive scientific/operational decision support (RL, explainability, fuzzy smoothing, bias mitigation) using real data. However, it is focused on retail decision-making rather than supporting data/natural scientists with code generation for data analysis, so it is only partially relevant to the target agentic AI system."
g-q1-p2-01,0.35,"The article studies an AI agent that provides adaptive, real-time guidance in a virtual escape room, focusing on human–AI collaboration and user experience evaluation. However, it is not about agentic AI for generating source code for scientific/data analysis, so its relevance to the target system is only indirect."
g-q1-p2-03,0.05,"The text discusses human-AI collaboration in business recruitment and ethics, not an agentic AI system for generating code for data analysis by data/natural scientists. It provides general conceptual guidance rather than methods or tools for scientific/data analysis code generation."
g-q1-p2-04,0.15,"The article discusses general human-AI collaboration concepts and examples in domains like healthcare and drug discovery, but it does not focus on agentic AI systems for generating scientific/data analysis code. There is no clear emphasis on supporting data scientists/natural scientists with code-writing or agentic workflows."
g-q1-p2-05,0.55,"The article focuses on integrating generative AI into higher education teaching and assessment, including guidance on human-AI collaboration and data/AI literacy. However, it does not specifically address an agentic AI system for generating source code for data analysis, so relevance to the target system is only partial."
g-q1-p2-06,0.15,"The article is about human–AI collaboration and evaluates performance effects in experiments, but it does not focus on agentic AI systems for generating source code for data analysis. It is only indirectly related to supporting scientific workflows, with no emphasis on code generation for data scientists/natural scientists."
g-q1-p2-07,0.72,"The article studies an LLM-based multi-agent system with human-in-the-loop collaboration to support requirements analysis for organizational AI adoption, including iterative refinement and prioritization. While it focuses on planning/requirements rather than generating scientific/data-analysis code, it is still directly about agentic AI workflows that assist domain experts in producing structured outputs."
g-q1-p2-08,0.35,"The article discusses agentic AI systems and human-AI collaboration, including agents that take actions and automate workflows, which is adjacent to agentic support for scientific/data analysis coding. However, it is focused on workplace/IT operations and does not specifically address agentic AI for generating source code for data analysis by data or natural scientists."
g-q1-p2-10,0.35,"The article discusses agentic generative AI and human-AI collaboration, including examples where AI agents generate code for software development. However, it is largely focused on virtual/metaverse collaboration and workplace concepts rather than an agentic AI system specifically aimed at helping data scientists and natural scientists write code for data analysis."
g-q1-p3-02,0.15,"The article discusses human-AI collaboration and using generative AI tools for writing and brainstorming, but it does not focus on agentic AI systems that help scientists generate data-analysis code. Its relevance to the target system is indirect and centered on workplace collaboration rather than code generation for scientific workflows."
g-q1-p3-05,0.25,"The article discusses human-AI collaboration in domains like healthcare and finance, including AI-assisted analysis, but it does not focus on an agentic AI system that helps data/natural scientists write source code for data analysis. Its relevance is limited to general AI augmentation rather than code-generation for scientific workflows."
g-q1-p3-07,0.12,"The text discusses general human-AI collaboration for enterprise tasks like contact center assistance and report generation, but it does not focus on agentic AI systems for generating source code for scientific/data analysis. Any connection to data analysis is indirect and not about code-writing or agentic programming support for data scientists."
g-q1-p3-08,0.78,"The article directly addresses agentic/interactive AI for scientific and data-analysis contexts in the broader sense of supporting human–AI collaboration, focusing on iterative, role-sensitive explanation loops (explain→feedback→update→govern) and governance-aware accountability. While it is not specifically about code generation for data analysis, it is strongly relevant to building agentic AI systems that help domain experts perform and validate analysis through interactive, auditable explanation and feedback mechanisms."
g-q1-p3-10,0.15,"The article discusses human-AI collaboration and governance in high-stakes domains, but it does not focus on agentic AI systems that generate source code for data analysis. Its relevance to supporting data/natural scientists with code generation is only indirect."
g-q2-p1-01,0.35,"The article discusses AI-assisted coding and agent-like modes (e.g., Copilot agent mode) and how they improve developer workflows, which is related to agentic AI for code generation. However, it is focused on general software development and developer experience rather than supporting data/natural scientists specifically for scientific data analysis code."
g-q2-p1-03,0.72,"The article discusses LLM-enabled IDE features (autocomplete and code implementation) that generate code, directly relating to agentic AI supporting code writing for data analysis workflows. However, it focuses on general software development rather than specifically supporting data/natural scientists or scientific data analysis tasks."
g-q2-p1-06,0.72,"The article describes GitHub Copilot/Copilot X as an agentic-style AI assistant for generating and assisting with software code (including tests and debugging) across the development lifecycle. While it is not specific to scientific/natural science workflows, it directly targets AI-driven code generation that could support data scientists and natural scientists."
g-q2-p1-07,0.72,"The article directly discusses agentic-style AI coding assistants that retrieve and rank code context to support code generation, which is closely aligned with an agentic AI system for helping data/natural scientists write analysis code. However, it focuses on general software engineering assistant architecture rather than specifically on scientific/data analysis workflows."
g-q2-p1-08,0.86,"The article directly describes an agentic-style AI copilot that converts natural language into specialized robotic code, including retrieval-augmented generation and extensive evaluation/metrics. This closely matches the target system’s goal of supporting data/natural scientists with AI-driven code generation for analysis, though the domain is robotics rather than scientific data analysis."
g-q2-p2-02,0.35,"The text discusses measuring the impact of AI tools on software engineering productivity, including code generation-related considerations. However, it is not specifically about an agentic AI system that helps data/natural scientists write code for data analysis."
g-q2-p2-03,0.72,"The article focuses on agentic AI coding tools that can autonomously modify repositories, run tests, and iterate—directly relevant to an agentic AI system for generating data analysis code. However, it is general software development guidance rather than specifically supporting data scientists/natural scientists or scientific data-analysis workflows."
g-q2-p2-04,0.55,"The article focuses on AI-assisted software development using coding assistants (e.g., GitHub Copilot, ChatGPT) and even mentions building an internal agent-like assistant, which is related to agentic AI for code generation. However, it is not specifically about agentic AI supporting data scientists/natural scientists for scientific or data analysis code, so relevance is only partial."
g-q2-p2-05,0.95,"The article directly studies an agentic AI framework (multi-agent collaboration plus runtime execution debugging) for generating and refining code, evaluated on programming benchmarks. This closely matches the target system’s goal of supporting data/natural scientists with agentic AI for scientific/data analysis code generation."
g-q2-p2-06,0.55,"The article discusses using AI coding assistants (GitHub Copilot and Claude) to generate and optimize code, which is relevant to agentic AI for code generation. However, it is not specifically focused on agentic AI supporting data scientists/natural scientists or scientific data analysis workflows."
g-q2-p2-07,0.72,"The article discusses agentic AI agents that assist developers with writing, reviewing, debugging, and generating code across the software development lifecycle. While it is framed around general software development (not specifically data/scientific analysis), it is directly relevant to an agentic AI system supporting code generation for data analysis workflows."
g-q2-p2-08,0.78,"The article is directly about agentic/AI coding assistants used to generate and modify code with planning, context, testing, and human oversight. While it is not specific to scientific/natural science workflows, it strongly aligns with an agentic AI system that supports data scientists and natural scientists in writing analysis code."
g-q2-p2-09,0.78,"The article directly discusses generative AI tools like GitHub Copilot and how they improve developer experience, including aspects of code review, cognitive load, and flow—closely tied to agentic/code-assistance for scientific/data analysis coding workflows. However, it is not specifically focused on agentic AI for data scientists/natural scientists or scientific data analysis code generation."
g-q2-p3-02,0.78,"The article discusses AI coding agents and how providing agent experience (context files, platform documentation) improves their ability to generate correct, modern code for a platform. This directly relates to an agentic AI system supporting data/natural scientists with code generation, though it focuses on web development rather than scientific/data analysis specifically."
g-q2-p3-03,0.55,"The text discusses generative AI coding assistants that automate code generation, debugging, and analysis of datasets, which is related to agentic AI for supporting scientific/data analysis coding. However, it is framed broadly around software developer productivity rather than specifically supporting data scientists/natural scientists or agentic workflows for scientific data analysis."
g-q2-p3-04,0.72,"The article directly evaluates generative AI models for Python code generation, including metrics like accuracy, reliability, exception handling, and cost—relevant to agentic AI that helps scientists write analysis code. However, it focuses on benchmarking LLMs rather than an agentic workflow/system for data scientists and natural scientists."
g-q2-p3-06,0.55,"The article discusses evaluating AI tools to support evidence synthesis workflows (screening and data extraction), which is a form of agentic/automated assistance for scientific data analysis. However, it focuses on selection criteria and responsible use rather than on an agentic AI system for code generation by data/natural scientists."
g-q2-p3-07,0.72,"The article discusses agentic AI concepts relevant to scientific/data analysis coding support, including AI coding tools, adding context for correct code generation, human-in-the-loop agency, and interoperability in agent workflows. However, it is framed around general developer productivity rather than explicitly supporting data scientists/natural scientists or scientific data analysis code generation."
g-q2-p3-08,0.55,"The article discusses AI-assisted code generation workflows (AI-X), including documentation, code reviews, and quality gates that help developers write correct code. While it is not specifically about agentic AI for data/scientific analysis code, it is directly relevant to agentic AI supporting developers in generating and validating code."
g-q2-p3-09,0.25,"The article discusses developers using AI tools for coding (including code generation/assistants), which is loosely related to agentic AI for writing code. However, it is a survey about the developer ecosystem and productivity metrics, not an agentic AI system supporting data/natural scientists for scientific data analysis code generation."
g-q2-p3-10,0.35,"The article discusses using LLM-based tools for general code generation, including debugging and assembling an application, which is adjacent to agentic AI for code writing. However, it is not specifically about agentic AI systems supporting data/natural scientists or generating code for scientific/data analysis workflows."
g-q3-p1-01,0.86,"The article directly discusses agentic AI systems for scientific work, including using agents to write and run code, analyze data, and support researchers in the scientific workflow. It is highly relevant to an agentic AI system that helps data and natural scientists generate code for data analysis, while also addressing tooling and evaluation/risks."
g-q3-p1-04,0.35,"The article focuses on embedding scientific evaluation and monitoring into AI workflows for digital health, which is adjacent to agentic AI support for scientific/data analysis code generation. However, it does not address agentic AI systems or code-generation for data analysis, making the connection only partial."
g-q3-p1-07,0.95,"The article directly discusses agentic AI systems for biomedical scientific discovery, including multi-agent workflows, tool use, and code execution to support hypothesis generation and data analysis. It closely aligns with an agentic AI system intended to help data/natural scientists write and run code for scientific data analysis."
g-q3-p1-08,0.92,The article describes an agentic AI “virtual lab” with multiple AI agents (including an AI principal investigator and data-analyst agents) that supports scientific workflows and code/tool use for biological research. This closely matches the target system’s goal of agentic AI helping data/natural scientists write and apply code for data analysis.
g-q3-p1-09,0.98,"The article directly concerns an agentic AI system (“Jr. AI Scientist”) that autonomously supports scientific research by generating and implementing code from baseline papers and writing research manuscripts. It is highly aligned with the target system’s goal of helping data/natural scientists write source code for data analysis, including multi-file coding agents, experimentation loops, and risk-aware evaluation."
g-q3-p2-01,0.78,"The article discusses agentic/automated AI systems for scientific workflows (e.g., multi-agent lab platforms, tool-orchestrating agents, autonomous experimentation) that support data analysis and research execution. While it is more a perspective on AI-for-science than specifically about agentic AI for generating source code for data analysis, it is strongly aligned with agentic support for scientific/data analysis tasks."
g-q3-p2-02,0.78,"The survey is directly about AI4Science systems that support researchers across the scientific lifecycle, including automated experimentation and code generation (e.g., Python programs for experiments). However, it is broader than the target agentic AI for data-science/natural-science code generation and does not focus specifically on agentic coding assistants for data analysis workflows."
g-q3-p2-03,0.86,"The article describes an LLM-powered (agentic) Slack bot that generates and executes SQL for data analysis questions, including design tradeoffs, context engineering, and production lifecycle practices. This directly aligns with an agentic AI system supporting data scientists/natural scientists in writing code for data analysis, though it focuses on SQL/data support rather than broader scientific coding."
g-q3-p2-07,0.15,"The article discusses agentic AI concepts and Bayesian inference for safe scientific “AI scientists,” but it is primarily focused on AI safety/alignment and governance rather than building agentic systems to help data or natural scientists write code for data analysis."
g-q3-p2-08,0.05,"The article surveys beliefs and governance attitudes about AI systems with subjective experience, not an agentic AI system for generating scientific or data-analysis code. It contains no methods or tools for supporting data scientists/natural scientists in writing source code."
g-q3-p2-09,0.78,"The article describes an agentic multi-agent AI “co-scientist” designed to help scientists generate hypotheses, research plans, and experimental protocols, including validation in biomedical lab experiments. While it focuses on hypothesis/protocol generation rather than explicitly coding for data analysis, it is strongly aligned with agentic AI supporting scientific work."
g-q3-p3-01,0.55,"The article focuses on building an evaluation pipeline for an LLM-based scientific/data-adjacent application, including data annotation, rubrics, and LLM-as-a-judge scoring. However, it does not address an agentic AI system for generating source code for data analysis, which is central to the target system."
g-q3-p3-02,0.78,"The article directly discusses “AI scientists” as autonomous agents for scientific discovery, including tool-using code/workflow execution and safety mechanisms like constrained action spaces, monitoring, and evaluation. While it focuses on safeguarding rather than building an agentic AI coding system for data scientists, it is strongly relevant to agentic AI supporting scientific workflows and code/tool use."
g-q3-p3-04,0.92,"The article directly discusses agentic AI systems (“AI scientists”) that automate scientific workflows including data ingestion, hypothesis testing, and code synthesis/execution for data analysis. This closely matches the target system’s goal of supporting data and natural scientists with agentic AI for writing code for scientific data analysis."
g-q3-p3-08,0.35,"The paper discusses agentic AI evaluation and includes code-generation benchmarks (e.g., HumanEval) and agent frameworks that generate and run code, which is adjacent to agentic systems for scientific/data analysis coding. However, it focuses on benchmarking methodology (cost, reproducibility, holdouts) rather than building agentic AI tools that specifically help data/natural scientists write code for data analysis."
g-q3-p3-09,0.78,"The article directly addresses agentic multi-agent AI for scientific discovery across the research workflow, including autonomous “co-scientists” and discussion-driven validation. While it focuses on MAS broadly rather than specifically on code generation for data analysis, it is strongly aligned with agentic AI systems supporting scientists."
s-q1-p1-01,0.55,"The article focuses on human–AI collaboration and workflow automation in IT support services, including how AI-enabled systems affect user experience and perceived service performance. However, it does not directly address an agentic AI system for generating source code for data analysis, making its relevance only partial to the target system."
s-q1-p1-03,0.25,"The article focuses on evaluating Human-AI Collaboration systems using metrics and a decision-tree framework, which is related to agentic AI in general. However, it does not specifically address agentic AI for generating source code to support data scientists and natural scientists in data analysis."
s-q1-p1-04,0.55,"The article studies agentic/customized LLM assistants integrated into Agile software development meetings to generate real-time recommendations and summaries, including iterative prompt/design and human feedback. However, it focuses on meeting support and collaboration rather than on agentic AI for generating data-analysis code for natural/scientific workflows."
s-q1-p1-05,0.55,"The article studies human-AI collaboration using ChatGPT for software engineering tasks, including code generation, review, and debugging, which is adjacent to agentic AI for scientific/data analysis code writing. However, it focuses on software engineering rather than supporting data/natural scientists specifically for data analysis code generation."
s-q1-p1-06,0.25,"The article studies human-AI collaboration in intelligent decision support systems, focusing on how AI agent capability and user proficiency affect decision behavior and perceptions. However, it does not address an agentic AI system for generating source code for scientific/data analysis, so relevance to the target system is only indirect."
s-q1-p1-07,0.15,"The article studies AI augmentation in human–AI collaboration in an e-commerce sales setting, using causal field-experiment methods and NLP-based mediators. However, it does not focus on an agentic AI system that helps data/natural scientists write source code for data analysis."
s-q1-p1-08,0.25,"The article studies agentic autonomy adaptation in human-AI teamwork within a simulated shared workspace, which is related to agentic AI behavior. However, it does not focus on supporting data/natural scientists with code generation for data analysis, so its relevance to the target system is only indirect."
s-q1-p1-09,0.78,"The article presents ChatCollab, an agentic human-AI multi-agent framework used to generate and evaluate software code, including role-based coordination and iterative prompting. While it focuses on software engineering rather than explicitly data/scientific analysis code, it directly addresses agentic AI for code generation and collaboration workflows relevant to supporting data scientists and natural scientists."
s-q1-p1-10,0.25,"The article studies an LLM-based writing assistant (DiaryMate) and user interaction/control issues, which is related to agentic AI for code-writing only in a very indirect way. It focuses on personal journaling rather than supporting data/natural scientists to generate analysis code, so relevance to the target system is low."
s-q1-p2-01,0.55,"The article is a comprehensive review of human-AI collaboration, including interactive machine learning, active learning, and design principles like trust, communication, and feedback. While it does not specifically target agentic AI for generating scientific/data-analysis code, it is relevant to agentic workflows that support data scientists/natural scientists through interactive, user-in-the-loop AI systems."
s-q1-p2-02,0.35,"The article focuses on a human-AI collaboration framework (bi-directional interaction, trust, explainability) and evaluates tools like Copilot/ChatGPT, which is related to agentic AI support for users. However, it is largely conceptual/HCI-oriented and does not specifically target agentic AI for generating scientific or data-analysis code for natural/data scientists."
s-q1-p2-03,0.86,"The article presents a policy-driven agentic LLM orchestration framework that coordinates tool use and human collaboration to generate and manage code-like workflow actions with safety/guardrails, grounded evidence, and auditability. This directly aligns with an agentic AI system supporting scientists/data scientists in producing reliable analysis code, though the domain focus is customer service rather than scientific coding."
s-q1-p2-04,0.35,"The article studies agentic human-AI collaboration patterns (automation vs. augmentation) in a simulation platform and includes user-driven configuration of AI teammates, which is adjacent to agentic AI for scientific/data analysis coding support. However, it does not focus on helping data/natural scientists generate source code for data analysis, so relevance to the target system is only partial."
s-q1-p2-05,0.08,"The article studies human-AI collaboration, transparency, and consumer acceptance in domains like cars, ChatGPT, and clinical decision systems, but it does not address agentic AI for generating source code for data analysis. Its focus is on evaluation/behavioral outcomes rather than tools or methods that help data scientists write analysis code."
s-q1-p2-06,0.15,"The article studies human-AI collaboration using an LLM assistant in a cooperative board game, focusing on cognition and social dynamics rather than agentic AI for generating scientific/data analysis code. It is only loosely related to the target system’s goal of supporting data scientists/natural scientists with code generation."
s-q1-p2-07,0.25,"The article studies human-AI collaboration using a generative LLM (GPT-3) to support idea generation, which is related to agentic AI assistance. However, it is not focused on agentic AI for writing source code for data analysis by data/natural scientists, so relevance to the target system is only indirect."
s-q1-p2-08,0.55,"The article is about designing an AI agent (MAI) to support learners’ metacognitive and shared regulation in collaborative learning, using GPT-4 and real-time prompting. However, it is not focused on agentic AI for generating source code for data analysis, so it only partially aligns with the target system’s goal."
s-q1-p2-09,0.05,"The article studies human–AI collaboration and evaluation of AI-generated haiku, focusing on aesthetics and user perception rather than an agentic AI system that helps scientists write code for data analysis. It includes AI text generation (LSTM) but does not address agentic code generation or scientific/natural-science data analysis workflows."
s-q1-p2-10,0.25,"The article studies human-AI collaboration paradigms (supervisory/advisory/interactive) and their effects on meaningfulness and accountability, which is adjacent to agentic AI for scientific/data analysis. However, it does not address agentic AI systems for generating source code for data analysis, nor does it focus on code-writing support for scientists."
s-q1-p3-01,0.35,"The article studies human–AI co-learning and how AI feedback/workflow designs affect learning and model fine-tuning, which is related to agentic AI supporting scientific/data analysis workflows. However, it does not focus on agentic systems for generating source code for data analysis, and the experiments are on emotion annotation rather than scientific coding support."
s-q1-p3-02,0.25,"The article is a literature review on human-AI collaboration and generative AI in organizational contexts, mentioning AI support for tasks like analysis and writing. However, it does not focus on agentic AI systems for generating source code to support data scientists and natural scientists in scientific/data analysis."
s-q1-p3-03,0.78,"The article is a systematic literature review on AI-assisted coding inside IDEs (human-AI experience), directly addressing agentic AI for code generation workflows and the need for verification, transparency, and user control. However, it focuses on software engineering IDE usage rather than specifically supporting data scientists/natural scientists in scientific data analysis code generation."
s-q1-p3-04,0.55,"The paper studies agentic behavior of LLMs in human-AI collaboration and proposes methods to measure and control “agency” in dialogue, including generating dialogue with agency. However, it is not specifically about agentic AI systems that help data/natural scientists write code for data analysis, so relevance is partial."
s-q1-p3-05,0.35,"The article reviews human-AI collaboration in organizational contexts and discusses how AI systems interact with humans across phases (preparation, execution, evaluation), which is adjacent to agentic AI support for scientific/data analysis. However, it does not specifically address agentic AI for generating source code for data analysis by data/natural scientists."
s-q1-p3-06,0.25,"The article studies human–LLM collaboration designs and their effects on productivity, quality, and satisfaction in creative writing, which is adjacent to agentic AI workflows. However, it does not focus on agentic AI systems that generate or support scientific/natural-science data analysis code."
s-q1-p3-08,0.35,"The article focuses on human-AI interaction patterns in AI-assisted decision making, which is adjacent to agentic AI for scientific/data analysis but not specifically about agentic systems that generate code for data analysis. It provides useful interaction design taxonomy concepts, yet lacks direct relevance to agentic AI code generation for scientists/data scientists."
s-q1-p3-09,0.25,"The article describes an agentic LLM-based collaboration system with memory, persona customization, and analytics, but it is aimed at studying human-AI team dynamics rather than supporting data scientists/natural scientists in generating code for data analysis. It has only indirect relevance to agentic AI for scientific coding."
s-q1-p3-10,0.95,"The article directly proposes an agentic AI “Autonomous Manager Agent” to orchestrate complex workflows, including task decomposition, allocation, monitoring, and adaptive replanning, with a dedicated simulator (MA-Gym) for evaluation. While it is not specifically framed around data scientists writing analysis code, it is highly relevant to agentic AI for scientific/data analysis code generation in that it targets end-to-end workflow management and includes code/artifact handling as part of the managed tasks."
s-q2-p1-01,0.86,"The article presents TiCoder, an agentic LLM-based workflow that generates and iteratively validates tests to improve code generation correctness, directly aligning with agentic AI for scientific/data analysis code generation support. While it focuses on general Python code generation benchmarks rather than explicitly data/scientific analysis, the core mechanism for assisting code writing and validation is highly relevant."
s-q2-p1-02,0.78,"The article studies an LLM-powered coding assistant (watsonx Code Assistant) that generates and explains source code, directly aligning with agentic AI support for developers doing code-based data/software work. However, it focuses on general developer productivity and software engineering rather than specifically on agentic AI workflows for scientific/natural-science data analysis."
s-q2-p1-04,0.85,"The article empirically studies LLM-based tools used as collaborators in pair programming for CS education, directly relating to agentic AI supporting code generation/workflows. While it focuses on classroom collaboration rather than an explicit agentic system for data/scientific analysis, it is strongly relevant to agentic AI for writing and integrating code."
s-q2-p1-05,0.78,"The article directly concerns agentic/LLM-assisted code generation for security-critical scientific/data analysis code, focusing on evaluating and improving LLM-generated code via outcome-driven test oracles and benchmarks. While it targets secure code generation broadly (not specifically data/scientific analysis agents), it is strongly relevant to an agentic AI system that helps scientists write correct code."
s-q2-p1-07,0.55,"The article is directly about LLM-based code generation models (e.g., ChatGPT/Codex/Copilot) and how they can support programming education, including generating and evaluating code-related materials. However, it focuses on educational use rather than an agentic AI system specifically designed to help data/natural scientists write analysis code."
s-q2-p1-08,0.55,"The article presents an LLM-based multi-agent system that autonomously reviews and optimizes code, which is directly related to agentic AI for supporting code generation/analysis in software engineering. However, it focuses on code review rather than specifically on data scientists/natural scientists writing analysis code for data analysis workflows."
s-q2-p1-09,0.78,"The article directly surveys LLM-based code generation agents and multi-agent systems that autonomously plan, write, debug, and test code across the software development lifecycle. While it is framed for general software engineering rather than explicitly for scientific/natural-scientist data analysis, it is highly relevant to an agentic AI system that supports data scientists in writing analysis code."
s-q2-p1-10,0.98,"The article directly describes CodeCompose, an agentic-style AI-assisted coding system deployed to help developers (including data/ML engineers) write source code for analysis and engineering tasks. It focuses on LLM-based code generation integrated into IDEs via an LSP, with evaluation of suggestion accuracy and adoption at scale—highly aligned with an agentic AI system supporting scientific/data analysis code writing."
s-q2-p2-01,0.95,"The article directly addresses agentic AI for scientific/data analysis code generation in the context of agentic coding, providing a large-scale dataset (AIDev) about autonomous coding agents operating in real-world workflows. While it focuses on software engineering rather than explicitly on data/scientific analysis code, it is highly relevant to an agentic AI system that supports code writing for data scientists and natural scientists."
s-q2-p2-02,0.55,"The article directly addresses agentic-style human-AI collaboration for code generation via LLM programming assistants (e.g., Copilot) and evaluates interaction outcomes and moderators. However, it focuses on general software programming and education rather than specifically supporting data scientists/natural scientists for scientific data analysis code generation."
s-q2-p2-03,0.55,"The survey is directly about LLM-based agents for software engineering tasks including code generation, debugging, and tool use, which is adjacent to agentic AI for scientific/data analysis code generation. However, it focuses on software engineering rather than supporting data/natural scientists specifically, so relevance to the target system is only partial."
s-q2-p2-04,0.86,"The article directly studies an agentic/conversational LLM assistant integrated into a coding environment to generate and explain code, including multi-turn context grounded in the user’s code—closely matching an agentic AI system for scientific/data analysis code generation. While it focuses on software engineering rather than explicitly natural-science/data-science workflows, the core capability (agentic code assistance via conversation) is highly relevant."
s-q2-p2-05,0.78,"The article directly studies AI coding assistants used by developers for code generation, testing, refactoring, and related software development tasks, including user needs and limitations. While it is not specific to scientific/natural-scientist workflows, it is highly relevant to an agentic AI system that supports data scientists and natural scientists in writing analysis code."
s-q2-p2-06,0.25,"The article studies how AI coding tools affect real-world software development productivity, including code generation via LLM-based IDE agents. However, it does not present an agentic AI system designed to support data/natural scientists in writing code for scientific data analysis."
s-q2-p2-07,0.78,"The article directly addresses conversational/agentic AI (e.g., ChatGPT, Copilot) in the context of software engineering and computing education, including how such tools support code-related tasks across the SDLC. While it is a literature review rather than an agentic system for data/scientific code generation, it is strongly relevant to agentic AI supporting code writing for analysis workflows."
s-q2-p2-08,0.55,"The article directly evaluates AI-assisted code generation tools (GitHub Copilot, Amazon CodeWhisperer, ChatGPT) using code quality metrics, which is closely related to agentic AI for generating analysis code. However, it does not specifically target agentic workflows for data/natural scientists or end-to-end support for scientific data analysis coding."
s-q2-p2-09,0.72,"The article reviews AI code-generation tools (e.g., Copilot/LLMs) and their use in human–AI paired programming, including implications for how humans guide and evaluate generated code. While it focuses on education rather than specifically supporting data scientists/natural scientists for data analysis code, it is still directly about agentic-style AI for scientific/code generation workflows."
s-q2-p2-10,0.92,"The article directly evaluates LLM-based source code generation (ChatGPT/Copilot) using a structured methodology including functional testing, static analysis, and human review, which closely matches an agentic AI system supporting scientific/data scientists in writing analysis code. While it focuses on model comparison rather than a specific agentic workflow for scientists, it is highly relevant to agentic code-generation support for data analysis."
s-q2-p3-01,0.72,"The article directly studies AI-powered code generation tools (e.g., GitHub Copilot) and proposes community features to support developers’ trust and workflow, which is closely aligned with an agentic AI system for scientific/data analysis code generation support. However, it focuses on software developers and trust calibration rather than specifically on agentic systems for scientific/natural scientists or data-analysis code generation."
s-q2-p3-02,0.55,"The article focuses on AI-driven software engineering, including automated code generation, debugging, testing, and maintenance, which is directly related to agentic AI supporting code writing. However, it is framed around general software engineering rather than specifically agentic AI systems that help data scientists and natural scientists write analysis code for scientific workflows."
s-q2-p3-03,0.85,"The article directly studies adoption of AI-based programming assistants (e.g., ChatGPT, GitHub Copilot) by developers, focusing on how they support code generation and coding tasks in an industry setting. While it is not specific to data/scientific analysis code generation, it is highly relevant to an agentic AI system intended to help scientists and data scientists write source code for analysis."
s-q2-p3-04,0.55,"The article focuses on AI-driven code generation tools (e.g., Codex, AlphaCode, CodeWhisperer) and how they affect programming education, which is directly related to agentic AI for code generation. However, it is not specifically about supporting data scientists/natural scientists for scientific data analysis code, so relevance to the target system is only partial."
s-q2-p3-06,0.78,"The article studies how software engineers use ChatGPT (an LLM) to support coding-related tasks, including artifact manipulation (code generation/modification), guidance, and training, and analyzes trust/usefulness factors. This is directly relevant to an agentic AI system aimed at helping data/natural scientists write code for data analysis, though it focuses on software engineering rather than scientific data analysis specifically."
s-q2-p3-07,0.55,"The article reviews AI techniques for automated code generation (e.g., NLP/DL/transformers) and discusses evaluation criteria and challenges, which is related to agentic AI for generating code. However, it focuses on general software development code generation rather than an agentic AI system specifically supporting data scientists/natural scientists for scientific data analysis."
s-q2-p3-08,0.78,"The article describes AutoFL, an agentic LLM system that autonomously navigates source code via function calls to generate explanations and pinpoint buggy code locations, directly aligning with agentic AI for scientific/data analysis code support in spirit (code generation/assistance for developers). However, it targets fault localization/debugging rather than data/scientific analysis code generation specifically, making it only partially aligned with the target system."
s-q2-p3-09,0.92,"The article presents CodeAid, an LLM-powered programming assistant with guardrails and scaffolding to help students write, fix, and explain code in a programming course. This directly aligns with an agentic AI system supporting data/natural scientists in generating and guiding scientific/data analysis code, though the domain focus is education and C programming rather than scientific data analysis."
s-q2-p3-10,0.98,"The article presents AutoDev, an agentic AI framework that autonomously generates and validates source code for software engineering tasks by editing repositories, running builds/tests, and using execution feedback in a secure environment. This directly matches the target system’s goal of supporting data/natural scientists with agentic AI for scientific/data analysis code generation and validation."
s-q3-p1-01,0.55,"The article evaluates ChatGPT as an e-research assistant for scientific research tasks like drafting manuscripts, literature reviews, and (lightly) data analysis, which aligns with agentic AI supporting scientific workflows. However, it focuses mainly on AI-generated text quality and research ethics rather than an agentic system for code generation and end-to-end data-analysis programming support."
s-q3-p1-02,0.85,"The article directly surveys agentic AI systems for scientific discovery, including data analysis and workflows that support researchers. While it is not specifically focused on code generation for data scientists/natural scientists, it strongly aligns with agentic AI used to automate and assist scientific data analysis tasks."
s-q3-p1-03,0.98,"The article describes an agentic AI system (AI-Scientist v2) that autonomously generates and executes Python code for scientific experiments, analyzes/visualizes data, and writes manuscripts. This directly matches the target system’s goal of supporting scientific/data analysis code generation via agentic workflows."
s-q3-p1-04,0.95,"The article presents an agentic AI “co-scientist” designed to support scientists in generating novel, testable hypotheses and experimental plans, including tool use and iterative multi-agent reasoning. While it focuses on biomedical hypothesis generation rather than explicitly coding for data analysis, it is directly aligned with agentic AI support for scientific workflows."
s-q3-p1-05,0.98,"The article proposes “The AI Scientist,” an agentic LLM-driven system that generates and edits code, executes experiments, and iteratively produces scientific outputs and automated reviews. This directly matches the target system of agentic AI supporting data/natural scientists in writing code for data analysis and scientific experimentation."
s-q3-p1-06,0.98,"The article presents Agent Laboratory, an autonomous LLM-agent framework that supports end-to-end machine learning research by generating code repositories, running experiments, and writing reports with human-in-the-loop guidance. This directly matches the target system’s goal of agentic AI to help data/natural scientists write and execute analysis code."
s-q3-p1-07,0.55,"The article discusses how generative AI/LLMs are being used by scientists to write code and support research workflows, which is related to agentic AI for scientific code generation. However, it is a survey about attitudes and use cases rather than describing an agentic AI system that specifically helps data/natural scientists generate analysis code."
s-q3-p1-08,0.92,"The article is a survey of LLM-based scientific agents that explicitly covers agentic architectures for scientific workflows, including code generation/execution, tool use, and verification for reproducible data analysis. It directly aligns with an agentic AI system intended to help data scientists and natural scientists write and validate source code for scientific/data analysis."
s-q3-p1-09,0.92,"The article directly discusses using ChatGPT/LLMs to generate and assist with scientific data analysis code (e.g., bioinformatics and image analysis), including practical benefits and risks for non-coders. This closely matches an agentic AI system aimed at supporting data/natural scientists in writing code for data analysis."
s-q3-p1-10,0.12,"The article focuses on AI evaluation transparency (instance-by-instance results, granular reporting) rather than agentic AI systems that help scientists generate code for data analysis. It is related to AI for scientific research practices, but it does not address agentic code-writing support for data scientists/natural scientists."
s-q3-p2-01,0.92,"The article directly discusses agentic AI systems (“AI scientists” and multi-agent frameworks) intended to support scientific discovery workflows, including analysis, planning, tool use, and code execution for biomedical research. This closely matches the target system’s goal of agentic AI that helps data/natural scientists write and run code for data analysis."
s-q3-p2-02,0.55,"The article uses LLMs with planning to support scientific workflow recommendation from natural-language requirements, which is adjacent to agentic AI for scientific/data analysis code generation. However, it focuses on recommending existing workflows rather than generating source code for data analysis, so it only partially matches the target system."
s-q3-p2-03,0.55,"The article evaluates an LLM-based agent for generating research ideas and discusses agentic workflows for scientific discovery, which is adjacent to agentic AI for scientific coding. However, it focuses on ideation and evaluation rather than supporting data/natural scientists in writing executable code for data analysis."
s-q3-p2-04,0.35,"The article discusses researchers’ perceptions of generative AI tools for research tasks (e.g., efficiency, data analysis time) and highlights needs for training, support, and ethics. However, it does not focus on an agentic AI system for generating source code to support data/natural scientists, so relevance to the target system is only partial."
s-q3-p2-05,0.78,"The article describes an agentic LLM system (ResearchAgent with reviewing agents) to support scientific researchers in generating and iteratively refining research ideas, using literature and knowledge augmentation. While it focuses on ideation rather than writing executable data-analysis code, it is strongly aligned with agentic AI support for scientific workflows."
s-q3-p2-06,0.25,"The article focuses on assessing trustworthy/ethical AI systems using the Z-Inspection® process, which is relevant to governance and evaluation of AI in scientific domains like healthcare and environmental monitoring. However, it does not address an agentic AI system for generating source code for data analysis, so its relevance to the target system is only indirect."
s-q3-p2-07,0.78,"The article proposes AgentRxiv, a collaborative autonomous research framework where LLM agents iteratively generate and share research outputs, including writing and repairing code for experiments. While it is not specifically focused on data-scientist/natural-scientist code generation support tools, it directly targets agentic AI for scientific/data analysis workflows and cumulative code-driven experimentation."
s-q3-p2-09,0.35,"The article is a broad survey of generative AI requirements, model types, input–output formats, and evaluation metrics, including some discussion of text-to-code/code generation models. However, it does not specifically address an agentic AI system designed to help data scientists and natural scientists write code for scientific data analysis."
s-q3-p2-10,0.35,"The article discusses using AI language tools (e.g., ChatGPT) in scientific manuscript writing and mentions that such tools can generate code, but it focuses on writing quality, risks, and best practices rather than an agentic AI system for data/scientific code generation. It is only loosely aligned with supporting data scientists/natural scientists to write analysis code."
s-q3-p3-01,0.35,"The article is about using AI in cancer research workflows (image analysis, NLP, multimodal models) and mentions building Python pipelines, which is related to scientific/data analysis. However, it does not focus on an agentic AI system designed to help data/natural scientists write source code for data analysis, so relevance to the target system is only partial."
s-q3-p3-03,0.98,The article directly evaluates LLM-based tools for generating application code and Python/R scripts for data analysis and visualization in scientific contexts. This closely matches the target agentic AI system goal of supporting data/natural scientists in writing code for data analysis.
s-q3-p3-04,0.78,"The article describes multiple LLM-based systems that generate and automate scientific workflows, including writing code for data analysis/visualization (e.g., sMolTalk) and using LLMs as agents to call tools and transform unstructured scientific data into structured formats. While it focuses on chemistry/materials science rather than a general agentic AI platform for data scientists, it is strongly aligned with agentic AI for supporting scientific code generation and analysis."
s-q3-p3-06,0.72,"The article discusses ChatGPT/LLMs as tools for scientific work, including code generation, debugging, and data analysis support for researchers. While it is broad and not specifically about an agentic AI system architecture for data scientists/natural scientists, it directly relates to using LLMs to help with scientific/data analysis coding."
s-q3-p3-07,0.86,"The article is a comprehensive survey of agentic AI systems, including frameworks for autonomous tool-using agents and benchmarks that cover code generation/software engineering and scientific discovery. It directly supports the target system’s goal of enabling agentic AI for scientific/data analysis code generation, though it is not specifically focused on data-science code generation workflows."
s-q3-p3-09,0.55,"The article focuses on responsible use, auditing, and oversight of generative AI in scientific research, including requirements for human verification and transparency. However, it does not specifically address an agentic AI system that helps data/natural scientists write code for data analysis."
s-q3-p3-10,0.78,"The survey directly covers agentic LLM systems and includes scientific agents with benchmarks for generating executable scientific code (e.g., SciCode, CORE-Bench). While it focuses on evaluation rather than building agentic coding systems for data scientists/natural scientists, it is strongly relevant to agentic AI for scientific code generation and tooling."
